data,quantidade
2022-01-03,1500
2022-01-03,15
2022-01-03,18
2022-01-03,450
2022-01-03,3411
2022-01-03,2511
2022-01-04,600
2022-01-04,3702
2022-01-04,378
2022-01-04,1482
2022-01-05,2700
2022-01-05,90
2022-01-05,150
2022-01-05,900
2022-01-05,150
2022-01-05,1551
2022-01-05,1500
2022-01-06,360
2022-01-06,720
2022-01-06,3012
2022-01-06,6093
2022-01-06,450
2022-01-06,750
2022-01-07,3600
2022-01-07,1710
2022-01-07,717
2022-01-07,2886
2022-01-07,486
2022-01-07,120
2022-01-07,10545
2022-01-08,810
2022-01-08,1500
2022-01-10,1800
2022-01-10,300
2022-01-10,2550
2022-01-10,939
2022-01-10,5520
2022-01-10,450
2022-01-10,180
2022-01-11,672
2022-01-11,1401
2022-01-11,360
2022-01-11,600
2022-01-11,480
2022-01-11,1707
2022-01-11,3000
2022-01-11,9606
2022-01-12,5580
2022-01-12,1401
2022-01-12,600
2022-01-12,492
2022-01-12,546
2022-01-12,1500
2022-01-12,45
2022-01-13,3945
2022-01-13,600
2022-01-13,5172
2022-01-14,4401
2022-01-14,750
2022-01-14,3624
2022-01-14,6360
2022-01-14,360
2022-01-14,480
2022-01-14,180
2022-01-14,555
2022-01-14,606
2022-01-15,150
2022-01-17,5268
2022-01-17,5931
2022-01-17,30
2022-01-17,2550
2022-01-17,600
2022-01-17,6000
2022-01-18,1980
2022-01-18,390
2022-01-18,1500
2022-01-18,4695
2022-01-19,6030
2022-01-19,165
2022-01-19,522
2022-01-19,657
2022-01-19,108
2022-01-19,600
2022-01-20,600
2022-01-20,105
2022-01-20,1470
2022-01-20,1065
2022-01-20,300
2022-01-20,1860
2022-01-20,90
2022-01-20,165
2022-01-21,3000
2022-01-21,1170
2022-01-21,1401
2022-01-21,6108
2022-01-21,1074
2022-01-21,45
2022-01-21,1500
2022-01-24,1620
2022-01-24,6465
2022-01-24,2970
2022-01-24,4182
2022-01-25,6936
2022-01-25,3720
2022-01-25,375
2022-01-25,570
2022-01-25,600
2022-01-25,12000
2022-01-25,1281
2022-01-25,501
2022-01-25,900
2022-01-26,1560
2022-01-26,3600
2022-01-26,1635
2022-01-26,630
2022-01-26,1650
2022-01-26,9357
2022-01-26,270
2022-01-27,2880
2022-01-27,1797
2022-01-27,60
2022-01-28,3993
2022-01-28,1071
2022-01-28,1500
2022-01-28,411
2022-01-28,1860
2022-01-31,480
2022-01-31,600
2022-01-31,4215
2022-01-31,15
2022-01-31,2400
2022-01-31,3162
2022-01-31,1512
2022-02-01,300
2022-02-01,300
2022-02-01,903
2022-02-01,1029
2022-02-01,300
2022-02-01,240
2022-02-01,-420
2022-02-01,135
2022-02-02,2601
2022-02-02,510
2022-02-02,7125
2022-02-02,30
2022-02-02,2400
2022-02-02,3120
2022-02-02,1401
2022-02-03,45
2022-02-03,495
2022-02-03,2970
2022-02-03,1095
2022-02-03,3180
2022-02-03,150
2022-02-03,3342
2022-02-03,900
2022-02-03,1260
2022-02-04,60
2022-02-04,450
2022-02-04,3000
2022-02-04,1998
2022-02-04,2610
2022-02-04,1911
2022-02-04,150
2022-02-07,450
2022-02-07,90
2022-02-07,2619
2022-02-07,90
2022-02-07,5130
2022-02-07,270
2022-02-08,960
2022-02-08,600
2022-02-08,2700
2022-02-08,90
2022-02-08,3000
2022-02-08,30
2022-02-08,270
2022-02-08,300
2022-02-08,855
2022-02-09,6855
2022-02-09,1998
2022-02-09,405
2022-02-09,1554
2022-02-09,3090
2022-02-09,1110
2022-02-10,720
2022-02-10,9162
2022-02-10,2301
2022-02-10,471
2022-02-10,1791
2022-02-10,2025
2022-02-10,3147
2022-02-11,150
2022-02-11,1458
2022-02-11,360
2022-02-11,3285
2022-02-11,1200
2022-02-12,210
2022-02-14,360
2022-02-14,300
2022-02-14,930
2022-02-14,3582
2022-02-14,330
2022-02-15,3000
2022-02-15,6321
2022-02-15,45
2022-02-15,192
2022-02-15,90
2022-02-15,90
2022-02-16,1770
2022-02-16,3945
2022-02-16,1560
2022-02-16,30
2022-02-16,90
2022-02-16,930
2022-02-17,600
2022-02-17,1320
2022-02-17,3
2022-02-17,1953
2022-02-17,300
2022-02-17,393
2022-02-17,3000
2022-02-18,300
2022-02-18,1071
2022-02-18,1401
2022-02-18,2151
2022-02-18,600
2022-02-18,60
2022-02-18,900
2022-02-18,7923
2022-02-18,222
2022-02-21,210
2022-02-21,2301
2022-02-21,60
2022-02-21,450
2022-02-21,3900
2022-02-21,429
2022-02-21,1791
2022-02-22,300
2022-02-22,9969
2022-02-22,2046
2022-02-22,2625
2022-02-22,582
2022-02-23,2700
2022-02-23,663
2022-02-23,3120
2022-02-23,11196
2022-02-23,900
2022-02-23,180
2022-02-23,2205
2022-02-24,600
2022-02-24,2451
2022-02-24,270
2022-02-24,270
2022-02-24,273
2022-02-24,1641
2022-02-24,438
2022-02-24,2556
2022-02-25,540
2022-02-25,90
2022-02-25,75
2022-02-25,150
2022-02-25,1158
2022-02-25,1470
2022-02-25,30
2022-02-25,600
2022-02-25,1950
2022-02-28,900
2022-02-28,510
2022-02-28,120
2022-02-28,3900
2022-02-28,6321
2022-02-28,900
2022-02-28,600
2022-02-28,4785
2022-02-28,600
2022-02-28,360
2022-02-28,456
2022-03-01,921
2022-03-01,684
2022-03-01,564
2022-03-01,441
2022-03-01,270
2022-03-01,3702
2022-03-02,711
2022-03-02,738
2022-03-02,240
2022-03-02,750
2022-03-03,180
2022-03-03,990
2022-03-03,15
2022-03-03,612
2022-03-03,135
2022-03-03,2676
2022-03-03,300
2022-03-03,90
2022-03-04,72
2022-03-04,2715
2022-03-04,900
2022-03-04,900
2022-03-04,3000
2022-03-07,66
2022-03-07,6708
2022-03-07,873
2022-03-07,3690
2022-03-07,900
2022-03-07,1401
2022-03-07,900
2022-03-07,564
2022-03-07,4797
2022-03-08,360
2022-03-08,2220
2022-03-08,321
2022-03-08,1200
2022-03-08,96
2022-03-08,9291
2022-03-09,4392
2022-03-09,1050
2022-03-09,1500
2022-03-09,180
2022-03-09,2865
2022-03-09,210
2022-03-09,450
2022-03-10,1326
2022-03-10,1335
2022-03-10,1500
2022-03-10,1401
2022-03-10,825
2022-03-10,2046
2022-03-10,5202
2022-03-10,645
2022-03-11,600
2022-03-11,3288
2022-03-11,4383
2022-03-11,1500
2022-03-11,453
2022-03-11,690
2022-03-11,156
2022-03-12,780
2022-03-12,210
2022-03-12,783
2022-03-14,3390
2022-03-14,10260
2022-03-14,4857
2022-03-14,3600
2022-03-14,3000
2022-03-14,225
2022-03-15,6000
2022-03-15,900
2022-03-15,12300
2022-03-15,240
2022-03-15,1041
2022-03-15,2250
2022-03-15,16278
2022-03-16,420
2022-03-16,450
2022-03-16,678
2022-03-16,693
2022-03-16,540
2022-03-16,11229
2022-03-16,1431
2022-03-16,1401
2022-03-17,2196
2022-03-17,1551
2022-03-17,300
2022-03-17,2568
2022-03-17,1530
2022-03-17,3600
2022-03-17,630
2022-03-17,450
2022-03-18,180
2022-03-18,1560
2022-03-18,450
2022-03-18,3540
2022-03-18,20766
2022-03-19,600
2022-03-19,60
2022-03-19,4680
2022-03-21,7500
2022-03-21,3096
2022-03-21,3900
2022-03-21,1560
2022-03-21,630
2022-03-21,3000
2022-03-21,450
2022-03-21,12066
2022-03-21,2475
2022-03-21,600
2022-03-22,2001
2022-03-22,306
2022-03-22,2250
2022-03-22,3600
2022-03-22,480
2022-03-22,780
2022-03-22,900
2022-03-22,540
2022-03-22,150
2022-03-22,2316
2022-03-23,60
2022-03-23,747
2022-03-23,2601
2022-03-23,7641
2022-03-23,390
2022-03-23,240
2022-03-23,1635
2022-03-23,2250
2022-03-24,2445
2022-03-24,1431
2022-03-24,600
2022-03-24,3000
2022-03-24,1500
2022-03-24,1401
2022-03-24,2760
2022-03-24,1290
2022-03-24,945
2022-03-25,450
2022-03-25,1251
2022-03-25,1500
2022-03-25,600
2022-03-25,5325
2022-03-26,690
2022-03-26,90
2022-03-28,3804
2022-03-28,945
2022-03-28,675
2022-03-29,690
2022-03-29,1401
2022-03-29,750
2022-03-29,870
2022-03-29,3501
2022-03-29,1440
2022-03-29,3993
2022-03-29,1380
2022-03-29,2550
2022-03-30,1320
2022-03-30,450
2022-03-30,750
2022-03-30,11415
2022-03-30,1410
2022-03-30,1260
2022-03-31,3294
2022-03-31,210
2022-03-31,1470
2022-03-31,750
2022-03-31,4050
2022-03-31,1200
2022-03-31,1176
2022-03-31,3948
2022-03-31,3000
2022-03-31,30
2022-04-01,5736
2022-04-01,300
2022-04-02,180
2022-04-02,90
2022-04-02,1401
2022-04-04,600
2022-04-04,4836
2022-04-04,30
2022-04-04,450
2022-04-04,1185
2022-04-04,450
2022-04-05,180
2022-04-05,1383
2022-04-05,375
2022-04-05,60
2022-04-05,1500
2022-04-05,30
2022-04-05,3888
2022-04-05,4842
2022-04-06,5763
2022-04-06,540
2022-04-06,165
2022-04-06,150
2022-04-06,1104
2022-04-06,90
2022-04-07,90
2022-04-07,861
2022-04-07,1530
2022-04-07,327
2022-04-08,450
2022-04-08,450
2022-04-08,600
2022-04-08,3000
2022-04-08,720
2022-04-08,450
2022-04-08,1971
2022-04-08,11235
2022-04-08,150
2022-04-08,177
2022-04-08,507
2022-04-09,90
2022-04-11,1401
2022-04-11,6
2022-04-11,5085
2022-04-11,726
2022-04-11,3600
2022-04-11,60
2022-04-11,75
2022-04-11,840
2022-04-12,3000
2022-04-12,939
2022-04-12,225
2022-04-12,15
2022-04-12,480
2022-04-12,8823
2022-04-12,4590
2022-04-13,900
2022-04-13,2850
2022-04-13,600
2022-04-13,3060
2022-04-13,8670
2022-04-13,600
2022-04-14,45
2022-04-14,30
2022-04-14,3000
2022-04-14,129
2022-04-14,810
2022-04-14,903
2022-04-14,4047
2022-04-14,240
2022-04-14,150
2022-04-16,60
2022-04-18,4239
2022-04-18,1761
2022-04-18,360
2022-04-18,72
2022-04-18,870
2022-04-18,750
2022-04-18,3600
2022-04-19,840
2022-04-19,435
2022-04-19,1401
2022-04-19,75
2022-04-19,14265
2022-04-19,78
2022-04-19,1593
2022-04-20,630
2022-04-20,1401
2022-04-20,150
2022-04-20,180
2022-04-22,3270
2022-04-22,699
2022-04-22,1650
2022-04-22,0
2022-04-22,1401
2022-04-22,120
2022-04-25,900
2022-04-25,360
2022-04-25,1401
2022-04-25,300
2022-04-25,1050
2022-04-25,60
2022-04-25,150
2022-04-25,3600
2022-04-25,2370
2022-04-25,4011
2022-04-26,345
2022-04-26,450
2022-04-26,1200
2022-04-26,126
2022-04-26,300
2022-04-26,8346
2022-04-26,954
2022-04-26,1500
2022-04-26,180
2022-04-26,600
2022-04-27,903
2022-04-27,111
2022-04-27,150
2022-04-27,15207
2022-04-27,90
2022-04-27,3000
2022-04-27,588
2022-04-27,900
2022-04-28,720
2022-04-28,555
2022-04-28,1401
2022-04-28,1821
2022-04-28,11820
2022-04-29,450
2022-04-29,300
2022-04-29,6
2022-04-29,4200
2022-04-29,13107
2022-04-29,861
2022-04-30,360
2022-04-30,90
2022-05-02,4935
2022-05-02,2271
2022-05-03,1800
2022-05-03,45
2022-05-03,4602
2022-05-03,1308
2022-05-03,1491
2022-05-03,45
2022-05-04,390
2022-05-04,4290
2022-05-04,5001
2022-05-04,750
2022-05-04,1404
2022-05-04,75
2022-05-04,3300
2022-05-04,300
2022-05-05,45
2022-05-05,60
2022-05-05,381
2022-05-05,255
2022-05-05,705
2022-05-05,120
2022-05-05,-300
2022-05-05,14004
2022-05-05,120
2022-05-05,1617
2022-05-05,3000
2022-05-06,9660
2022-05-06,90
2022-05-06,1620
2022-05-06,435
2022-05-06,5958
2022-05-06,810
2022-05-07,1050
2022-05-09,66
2022-05-09,540
2022-05-09,2700
2022-05-09,5013
2022-05-09,921
2022-05-10,540
2022-05-10,750
2022-05-10,4452
2022-05-10,4125
2022-05-10,810
2022-05-10,1401
2022-05-10,300
2022-05-11,360
2022-05-11,720
2022-05-11,240
2022-05-11,300
2022-05-11,2349
2022-05-11,3540
2022-05-11,216
2022-05-11,1800
2022-05-11,600
2022-05-11,75
2022-05-12,60
2022-05-12,600
2022-05-12,240
2022-05-12,300
2022-05-12,240
2022-05-12,9045
2022-05-12,9
2022-05-12,600
2022-05-12,2040
2022-05-12,1401
2022-05-12,360
2022-05-13,6300
2022-05-13,1371
2022-05-13,312
2022-05-13,210
2022-05-13,21
2022-05-14,270
2022-05-14,2220
2022-05-16,60
2022-05-16,1200
2022-05-16,699
2022-05-16,240
2022-05-16,600
2022-05-16,11433
2022-05-17,81
2022-05-17,150
2022-05-17,1056
2022-05-17,1305
2022-05-17,900
2022-05-17,4332
2022-05-18,210
2022-05-18,2544
2022-05-18,1650
2022-05-18,201
2022-05-18,1401
2022-05-19,1701
2022-05-19,300
2022-05-19,4470
2022-05-19,4071
2022-05-19,318
2022-05-19,120
2022-05-19,57
2022-05-19,240
2022-05-20,1425
2022-05-20,600
2022-05-20,3582
2022-05-20,1401
2022-05-20,30
2022-05-20,45
2022-05-20,450
2022-05-20,1704
2022-05-20,90
2022-05-23,900
2022-05-23,840
2022-05-23,1311
2022-05-23,4500
2022-05-24,1350
2022-05-24,30
2022-05-24,1575
2022-05-24,0
2022-05-24,2100
2022-05-24,1701
2022-05-24,11415
2022-05-25,10533
2022-05-25,975
2022-05-25,180
2022-05-25,1086
2022-05-25,990
2022-05-25,4932
2022-05-26,360
2022-05-26,450
2022-05-26,780
2022-05-26,150
2022-05-26,120
2022-05-26,1500
2022-05-26,60
2022-05-26,1578
2022-05-26,1401
2022-05-26,3183
2022-05-27,1260
2022-05-27,1500
2022-05-27,5595
2022-05-28,2769
2022-05-28,411
2022-05-28,6
2022-05-30,8385
2022-05-30,654
2022-05-30,180
2022-05-30,1926
2022-05-30,4500
2022-05-31,1569
2022-05-31,4179
2022-05-31,15
2022-05-31,10770
2022-05-31,903
2022-05-31,240
2022-06-01,60
2022-06-01,75
2022-06-01,375
2022-06-01,1575
2022-06-01,60
2022-06-01,1101
2022-06-02,1905
2022-06-02,540
2022-06-02,2049
2022-06-02,150
2022-06-02,150
2022-06-03,270
2022-06-03,1140
2022-06-03,900
2022-06-03,5334
2022-06-03,150
2022-06-03,-21
2022-06-03,861
2022-06-06,360
2022-06-06,1701
2022-06-06,690
2022-06-06,474
2022-06-06,4110
2022-06-06,30
2022-06-07,360
2022-06-07,1527
2022-06-07,90
2022-06-07,12759
2022-06-07,1395
2022-06-07,999
2022-06-07,90
2022-06-08,954
2022-06-08,2151
2022-06-08,60
2022-06-08,3081
2022-06-09,330
2022-06-09,1500
2022-06-09,1788
2022-06-09,225
2022-06-09,8160
2022-06-09,45
2022-06-09,600
2022-06-10,1500
2022-06-10,1989
2022-06-10,180
2022-06-10,681
2022-06-10,13509
2022-06-11,1500
2022-06-11,960
2022-06-13,120
2022-06-13,369
2022-06-13,12
2022-06-13,8577
2022-06-14,60
2022-06-14,45
2022-06-14,219
2022-06-14,5616
2022-06-14,120
2022-06-14,150
2022-06-15,150
2022-06-15,1719
2022-06-15,450
2022-06-15,600
2022-06-15,507
2022-06-15,7167
2022-06-16,3342
2022-06-16,2700
2022-06-16,750
2022-06-17,261
2022-06-17,891
2022-06-17,480
2022-06-17,450
2022-06-17,45
2022-06-17,90
2022-06-17,11175
2022-06-17,3900
2022-06-18,90
2022-06-20,366
2022-06-20,7173
2022-06-20,570
2022-06-20,90
2022-06-20,150
2022-06-21,699
2022-06-21,2322
2022-06-21,150
2022-06-21,570
2022-06-21,45
2022-06-21,81
2022-06-21,6438
2022-06-21,33
2022-06-21,1608
2022-06-22,180
2022-06-22,1362
2022-06-22,930
2022-06-22,1089
2022-06-22,27
2022-06-22,4284
2022-06-22,726
2022-06-23,5760
2022-06-23,1251
2022-06-23,1476
2022-06-23,180
2022-06-23,1173
2022-06-24,8160
2022-06-24,1500
2022-06-24,9
2022-06-24,3114
2022-06-24,7200
2022-06-24,261
2022-06-24,390
2022-06-25,6558
2022-06-25,150
2022-06-27,1866
2022-06-27,-699
2022-06-27,300
2022-06-27,3315
2022-06-28,2145
2022-06-28,8655
2022-06-28,180
2022-06-28,600
2022-06-28,78
2022-06-28,3465
2022-06-29,4998
2022-06-29,2415
2022-06-29,4932
2022-06-30,10320
2022-06-30,2253
2022-06-30,1200
2022-06-30,1248
2022-06-30,30
2022-06-30,3156
2022-06-30,480
2022-07-01,16254
2022-07-01,1890
2022-07-01,660
2022-07-01,450
2022-07-01,750
2022-07-01,1500
2022-07-02,150
2022-07-02,4200
2022-07-04,90
2022-07-04,12048
2022-07-04,360
2022-07-04,171
2022-07-04,690
2022-07-04,690
2022-07-04,600
2022-07-05,6414
2022-07-05,180
2022-07-05,540
2022-07-05,1761
2022-07-05,225
2022-07-06,333
2022-07-06,90
2022-07-06,9375
2022-07-06,4710
2022-07-06,996
2022-07-07,3741
2022-07-07,10044
2022-07-07,150
2022-07-07,1260
2022-07-07,645
2022-07-08,6357
2022-07-08,180
2022-07-08,12897
2022-07-08,600
2022-07-08,1491
2022-07-08,420
2022-07-11,2292
2022-07-11,3468
2022-07-11,6255
2022-07-12,405
2022-07-12,13593
2022-07-12,3666
2022-07-12,195
2022-07-13,9927
2022-07-13,300
2022-07-13,900
2022-07-13,1110
2022-07-13,678
2022-07-14,-957
2022-07-14,2820
2022-07-14,93
2022-07-14,690
2022-07-14,1680
2022-07-14,1365
2022-07-14,150
2022-07-14,147
2022-07-14,2100
2022-07-15,60
2022-07-15,666
2022-07-15,189
2022-07-15,5253
2022-07-15,477
2022-07-16,5100
2022-07-16,150
2022-07-16,330
2022-07-18,60
2022-07-18,2175
2022-07-18,756
2022-07-18,1275
2022-07-18,45
2022-07-18,12075
2022-07-19,2841
2022-07-19,180
2022-07-19,60
2022-07-19,5685
2022-07-19,450
2022-07-19,2040
2022-07-19,75
2022-07-20,1800
2022-07-20,1290
2022-07-20,18540
2022-07-20,834
2022-07-20,261
2022-07-20,7200
2022-07-21,1185
2022-07-21,615
2022-07-21,1125
2022-07-21,525
2022-07-22,1476
2022-07-22,300
2022-07-22,16005
2022-07-22,261
2022-07-23,11904
2022-07-23,300
2022-07-25,7950
2022-07-25,48
2022-07-25,135
2022-07-25,600
2022-07-25,852
2022-07-25,285
2022-07-26,1500
2022-07-26,150
2022-07-26,165
2022-07-26,45
2022-07-26,12981
2022-07-26,897
2022-07-27,600
2022-07-27,1044
2022-07-27,285
2022-07-27,150
2022-07-27,6417
2022-07-28,369
2022-07-28,10749
2022-07-28,450
2022-07-28,1599
2022-07-28,30
2022-07-29,240
2022-07-29,90
2022-07-29,6726
2022-07-29,750
2022-07-29,420
2022-07-29,174
2022-07-29,330
2022-07-30,210
2022-07-30,10200
2022-07-31,90
2022-07-31,720
2022-08-01,204
2022-08-01,120
2022-08-01,300
2022-08-01,12462
2022-08-01,264
2022-08-02,300
2022-08-02,1110
2022-08-02,7740
2022-08-02,459
2022-08-03,180
2022-08-03,3102
2022-08-03,915
2022-08-03,2070
2022-08-03,2445
2022-08-03,1500
2022-08-04,6996
2022-08-04,1593
2022-08-04,4509
2022-08-04,90
2022-08-05,7557
2022-08-05,2748
2022-08-05,450
2022-08-05,135
2022-08-05,3249
2022-08-05,600
2022-08-06,420
2022-08-06,240
2022-08-06,4662
2022-08-06,90
2022-08-08,6132
2022-08-08,8424
2022-08-08,429
2022-08-08,1200
2022-08-08,150
2022-08-09,60
2022-08-09,1401
2022-08-09,2880
2022-08-09,4815
2022-08-09,8829
2022-08-09,513
2022-08-09,1110
2022-08-10,750
2022-08-10,885
2022-08-10,225
2022-08-10,6756
2022-08-10,1968
2022-08-10,180
2022-08-11,6321
2022-08-11,420
2022-08-11,1107
2022-08-11,6942
2022-08-12,1035
2022-08-12,558
2022-08-12,5832
2022-08-12,90
2022-08-12,225
2022-08-13,3852
2022-08-13,720
2022-08-13,180
2022-08-13,2130
2022-08-13,5523
2022-08-15,801
2022-08-15,8154
2022-08-15,1500
2022-08-15,300
2022-08-16,765
2022-08-16,7773
2022-08-16,5772
2022-08-16,1317
2022-08-17,1089
2022-08-17,5079
2022-08-17,150
2022-08-17,6966
2022-08-18,450
2022-08-18,450
2022-08-18,438
2022-08-18,2235
2022-08-19,10683
2022-08-19,675
2022-08-19,600
2022-08-19,2802
2022-08-19,60
2022-08-19,300
2022-08-22,819
2022-08-22,7857
2022-08-22,1710
2022-08-22,600
2022-08-22,480
2022-08-23,4236
2022-08-23,801
2022-08-23,2556
2022-08-23,750
2022-08-23,708
2022-08-23,450
2022-08-24,1455
2022-08-24,1248
2022-08-24,2871
2022-08-24,120
2022-08-24,600
2022-08-25,15522
2022-08-25,228
2022-08-25,420
2022-08-25,750
2022-08-26,1320
2022-08-26,1104
2022-08-26,14847
2022-08-26,390
2022-08-26,3600
2022-08-26,3477
2022-08-26,300
2022-08-27,2475
2022-08-27,420
2022-08-27,120
2022-08-29,813
2022-08-29,3990
2022-08-29,777
2022-08-29,132
2022-08-29,120
2022-08-29,10074
2022-08-29,195
2022-08-30,420
2022-08-30,1374
2022-08-30,17082
2022-08-30,2205
2022-08-31,906
2022-08-31,360
2022-08-31,7803
2022-09-01,8067
2022-09-01,141
2022-09-01,645
2022-09-01,360
2022-09-02,2877
2022-09-02,3876
2022-09-02,1524
2022-09-02,3750
2022-09-02,480
2022-09-03,420
2022-09-03,1500
2022-09-05,150
2022-09-05,3300
2022-09-05,3015
2022-09-05,10035
2022-09-06,14763
2022-09-06,1812
2022-09-06,1155
2022-09-08,9057
2022-09-08,405
2022-09-08,1932
2022-09-08,1800
2022-09-09,30
2022-09-09,9345
2022-09-09,90
2022-09-09,1524
2022-09-12,1440
2022-09-12,1200
2022-09-12,3843
2022-09-12,432
2022-09-12,4926
2022-09-13,1518
2022-09-13,4524
2022-09-13,1077
2022-09-13,450
2022-09-13,300
2022-09-14,1065
2022-09-14,1422
2022-09-14,90
2022-09-14,2550
2022-09-14,150
2022-09-14,360
2022-09-15,30
2022-09-15,825
2022-09-15,225
2022-09-15,8376
2022-09-15,780
2022-09-15,405
2022-09-15,711
2022-09-16,1170
2022-09-16,5982
2022-09-16,309
2022-09-16,3867
2022-09-17,3270
2022-09-19,300
2022-09-19,555
2022-09-19,12087
2022-09-20,600
2022-09-20,750
2022-09-20,660
2022-09-20,720
2022-09-20,15237
2022-09-20,1779
2022-09-21,1245
2022-09-21,4326
2022-09-21,660
2022-09-21,1785
2022-09-22,477
2022-09-22,-3120
2022-09-22,300
2022-09-22,1950
2022-09-22,1032
2022-09-23,1200
2022-09-23,453
2022-09-23,2160
2022-09-23,9408
2022-09-23,645
2022-09-26,150
2022-09-26,2952
2022-09-26,24
2022-09-26,6207
2022-09-26,1077
2022-09-27,0
2022-09-27,15852
2022-09-27,2430
2022-09-27,1701
2022-09-27,651
2022-09-27,300
2022-09-28,24
2022-09-28,8853
2022-09-28,3003
2022-09-28,3435
2022-09-28,360
2022-09-28,1440
2022-09-29,150
2022-09-29,300
2022-09-29,1632
2022-09-29,612
2022-09-29,4197
2022-09-29,1800
2022-09-30,1023
2022-09-30,75
2022-09-30,180
2022-09-30,10560
2022-10-01,126
2022-10-03,30
2022-10-03,1734
2022-10-03,51
2022-10-03,285
2022-10-04,42
2022-10-04,1110
2022-10-04,45
2022-10-04,780
2022-10-04,5973
2022-10-05,5175
2022-10-05,450
2022-10-05,300
2022-10-06,9
2022-10-06,1500
2022-10-06,30
2022-10-06,1500
2022-10-06,13539
2022-10-06,1311
2022-10-07,87
2022-10-07,6279
2022-10-07,1323
2022-10-07,1200
2022-10-07,1101
2022-10-08,150
2022-10-10,360
2022-10-10,5211
2022-10-10,1140
2022-10-10,120
2022-10-10,300
2022-10-11,6825
2022-10-11,60
2022-10-11,96
2022-10-13,300
2022-10-13,1260
2022-10-13,180
2022-10-13,90
2022-10-13,1500
2022-10-13,390
2022-10-13,1500
2022-10-13,2727
2022-10-14,-39
2022-10-14,963
2022-10-14,600
2022-10-14,1560
2022-10-14,60
2022-10-14,5781
2022-10-14,660
2022-10-17,1800
2022-10-17,900
2022-10-17,1680
2022-10-18,5904
2022-10-18,870
2022-10-18,510
2022-10-18,225
2022-10-18,540
2022-10-19,330
2022-10-19,3483
2022-10-19,1401
2022-10-19,3
2022-10-20,150
2022-10-20,210
2022-10-20,2157
2022-10-20,3393
2022-10-20,936
2022-10-20,627
2022-10-21,1380
2022-10-21,747
2022-10-21,5409
2022-10-21,1950
2022-10-21,900
2022-10-24,900
2022-10-24,720
2022-10-24,7821
2022-10-25,16761
2022-10-25,210
2022-10-25,9
2022-10-25,600
2022-10-25,360
2022-10-25,60
2022-10-26,600
2022-10-26,4272
2022-10-26,1530
2022-10-27,2406
2022-10-27,1065
2022-10-27,906
2022-10-27,165
2022-10-27,2250
2022-10-28,720
2022-10-28,450
2022-10-28,570
2022-10-28,3597
2022-10-28,3963
2022-10-29,1800
2022-10-31,300
2022-10-31,1542
2022-10-31,270
2022-10-31,867
2022-10-31,600
2022-10-31,702
2022-10-31,9282
2022-11-01,612
2022-11-01,150
2022-11-01,300
2022-11-03,150
2022-11-03,660
2022-11-03,1200
2022-11-03,1500
2022-11-03,585
2022-11-03,5430
2022-11-04,4470
2022-11-04,270
2022-11-04,675
2022-11-04,90
2022-11-04,5349
2022-11-07,30
2022-11-07,525
2022-11-07,600
2022-11-07,210
2022-11-07,750
2022-11-07,10179
2022-11-07,360
2022-11-08,600
2022-11-08,9741
2022-11-08,3201
2022-11-08,315
2022-11-09,120
2022-11-09,1950
2022-11-09,828
2022-11-09,990
2022-11-09,4446
2022-11-09,9951
2022-11-09,750
2022-11-10,450
2022-11-10,3654
2022-11-10,885
2022-11-10,3600
2022-11-10,120
2022-11-11,540
2022-11-11,8394
2022-11-11,1200
2022-11-11,1185
2022-11-11,120
2022-11-12,240
2022-11-12,1065
2022-11-12,435
2022-11-14,585
2022-11-14,8661
2022-11-14,1650
2022-11-14,411
2022-11-16,6369
2022-11-16,2220
2022-11-16,486
2022-11-16,90
2022-11-16,1401
2022-11-16,345
2022-11-17,840
2022-11-17,5472
2022-11-17,270
2022-11-17,600
2022-11-17,120
2022-11-17,498
2022-11-18,150
2022-11-18,6
2022-11-18,240
2022-11-18,3000
2022-11-18,11871
2022-11-18,4050
2022-11-18,1215
2022-11-21,3915
2022-11-21,351
2022-11-21,150
2022-11-21,1833
2022-11-22,180
2022-11-22,5562
2022-11-22,1401
2022-11-22,75
2022-11-22,456
2022-11-23,600
2022-11-23,4701
2022-11-23,300
2022-11-23,960
2022-11-23,45
2022-11-24,249
2022-11-24,930
2022-11-24,660
2022-11-25,450
2022-11-25,315
2022-11-25,4482
2022-11-25,540
2022-11-25,1923
2022-11-25,3000
2022-11-26,4020
2022-11-26,141
2022-11-28,735
2022-11-28,2100
2022-11-28,11550
2022-11-28,135
2022-11-28,810
2022-11-29,7887
2022-11-29,1320
2022-11-29,225
2022-11-30,1080
2022-11-30,10275
2022-11-30,210
2022-11-30,1050
2022-11-30,1425
2022-11-30,270
2022-12-01,11076
2022-12-01,1140
2022-12-01,990
2022-12-01,630
2022-12-02,360
2022-12-02,3615
2022-12-02,513
2022-12-02,246
2022-12-03,240
2022-12-05,2970
2022-12-05,3000
2022-12-05,2370
2022-12-05,1620
2022-12-06,6951
2022-12-06,1620
2022-12-06,150
2022-12-06,1245
2022-12-07,90
2022-12-07,2250
2022-12-07,960
2022-12-07,5274
2022-12-07,375
2022-12-08,3690
2022-12-08,30
2022-12-08,99
2022-12-08,555
2022-12-09,540
2022-12-09,4473
2022-12-09,240
2022-12-09,6582
2022-12-09,1533
2022-12-10,12
2022-12-10,600
2022-12-12,561
2022-12-12,3600
2022-12-12,2976
2022-12-12,5670
2022-12-13,1425
2022-12-13,450
2022-12-13,765
2022-12-13,774
2022-12-13,2973
2022-12-14,750
2022-12-14,2880
2022-12-14,795
2022-12-14,450
2022-12-14,1710
2022-12-14,60
2022-12-14,3297
2022-12-14,300
2022-12-14,1290
2022-12-15,4143
2022-12-15,3600
2022-12-15,600
2022-12-15,1500
2022-12-15,240
2022-12-15,450
2022-12-15,5319
2022-12-16,1680
2022-12-16,540
2022-12-16,1689
2022-12-16,120
2022-12-16,180
2022-12-16,327
2022-12-16,13908
2022-12-17,1980
2022-12-17,1110
2022-12-17,1209
2022-12-17,1500
2022-12-17,90
2022-12-19,345
2022-12-19,735
2022-12-19,1473
2022-12-19,3276
2022-12-19,150
2022-12-19,1500
2022-12-20,1995
2022-12-20,8220
2022-12-20,300
2022-12-20,120
2022-12-20,2028
2022-12-21,1401
2022-12-21,780
2022-12-21,3000
2022-12-21,465
2022-12-21,1401
2022-12-21,7911
2022-12-21,2100
2022-12-21,2160
2022-12-21,8640
2022-12-22,30
2022-12-22,51
2023-01-04,1098
2023-01-04,750
2023-01-04,45
2023-01-04,3000
2023-01-04,66
2023-01-04,15
2023-01-05,540
2023-01-05,2460
2023-01-05,1200
2023-01-05,180
2023-01-05,60
2023-01-05,540
2023-01-06,96
2023-01-06,10980
2023-01-06,4809
2023-01-06,900
2023-01-06,90
2023-01-06,1554
2023-01-06,720
2023-01-07,600
2023-01-07,2925
2023-01-09,1200
2023-01-09,3000
2023-01-09,435
2023-01-09,1500
2023-01-09,2766
2023-01-10,2865
2023-01-10,306
2023-01-10,3000
2023-01-10,324
2023-01-10,840
2023-01-10,7296
2023-01-11,15
2023-01-11,150
2023-01-11,1068
2023-01-11,2283
2023-01-11,1200
2023-01-11,180
2023-01-12,72
2023-01-12,6423
2023-01-12,360
2023-01-12,240
2023-01-13,750
2023-01-13,2997
2023-01-13,501
2023-01-13,150
2023-01-13,5472
2023-01-13,1347
2023-01-14,360
2023-01-14,450
2023-01-14,90
2023-01-16,66
2023-01-16,2139
2023-01-16,1035
2023-01-16,1317
2023-01-16,210
2023-01-17,1365
2023-01-17,8379
2023-01-17,1230
2023-01-17,558
2023-01-17,660
2023-01-18,600
2023-01-18,750
2023-01-18,3417
2023-01-18,1140
2023-01-18,705
2023-01-19,300
2023-01-19,1500
2023-01-19,2175
2023-01-19,435
2023-01-19,11736
2023-01-19,705
2023-01-20,963
2023-01-20,750
2023-01-20,1800
2023-01-20,33
2023-01-20,2970
2023-01-21,600
2023-01-23,360
2023-01-23,0
2023-01-23,4266
2023-01-24,2100
2023-01-24,8079
2023-01-24,420
2023-01-24,534
2023-01-24,615
2023-01-25,2802
2023-01-25,441
2023-01-25,2673
2023-01-26,414
2023-01-26,780
2023-01-26,3030
2023-01-26,135
2023-01-27,1020
2023-01-27,2739
2023-01-27,1020
2023-01-27,195
2023-01-27,4677
2023-01-27,1500
2023-01-28,300
2023-01-28,3471
2023-01-30,300
2023-01-30,282
2023-01-30,5085
2023-01-30,540
2023-01-30,747
2023-01-31,7359
2023-01-31,1335
2023-01-31,60
2023-01-31,60
2023-01-31,3000
2023-01-31,390
2023-02-01,5226
2023-02-01,258
2023-02-02,420
2023-02-02,1218
2023-02-02,450
2023-02-02,1050
2023-02-03,300
2023-02-03,66
2023-02-03,2445
2023-02-03,876
2023-02-03,1845
2023-02-06,2043
2023-02-06,180
2023-02-06,600
2023-02-06,546
2023-02-06,3897
2023-02-07,360
2023-02-07,3000
2023-02-07,3690
2023-02-07,4143
2023-02-07,10401
2023-02-08,1350
2023-02-08,30
2023-02-08,1920
2023-02-08,390
2023-02-08,600
2023-02-09,945
2023-02-09,690
2023-02-09,9000
2023-02-09,3093
2023-02-09,633
2023-02-10,2700
2023-02-10,75
2023-02-10,4779
2023-02-10,660
2023-02-10,747
2023-02-10,3000
2023-02-10,3000
2023-02-11,1320
2023-02-13,834
2023-02-13,12600
2023-02-13,3000
2023-02-13,2148
2023-02-13,1500
2023-02-13,669
2023-02-14,3000
2023-02-14,330
2023-02-14,3000
2023-02-14,600
2023-02-14,300
2023-02-14,5865
2023-02-14,606
2023-02-15,1476
2023-02-15,291
2023-02-15,840
2023-02-15,735
2023-02-16,1017
2023-02-16,450
2023-02-16,5529
2023-02-16,3000
2023-02-16,960
2023-02-16,2040
2023-02-16,510
2023-02-17,450
2023-02-17,3000
2023-02-17,4965
2023-02-17,456
2023-02-17,3249
2023-02-18,450
2023-02-18,90
2023-02-20,3000
2023-02-20,9000
2023-02-20,54
2023-02-20,2466
2023-02-21,3000
2023-02-21,450
2023-02-21,810
2023-02-21,300
2023-02-21,2430
2023-02-21,3000
2023-02-21,300
2023-02-21,33
2023-02-21,45
2023-02-22,105
2023-02-22,7764
2023-02-22,120
2023-02-22,1515
2023-02-22,1320
2023-02-23,1983
2023-02-23,1560
2023-02-23,630
2023-02-23,150
2023-02-23,66
2023-02-23,360
2023-02-23,3600
2023-02-24,1605
2023-02-24,10047
2023-02-24,750
2023-02-24,450
2023-02-24,150
2023-02-24,60
2023-02-24,3000
2023-02-24,480
2023-02-24,3000
2023-02-25,480
2023-02-25,3000
2023-02-27,1200
2023-02-27,60
2023-02-27,3000
2023-02-27,60
2023-02-27,3000
2023-02-27,3843
2023-02-27,306
2023-02-27,3000
2023-02-28,1335
2023-02-28,9315
2023-02-28,-1200
2023-02-28,105
2023-03-01,360
2023-03-01,8400
2023-03-01,90
2023-03-01,1344
2023-03-01,2415
2023-03-01,240
2023-03-02,792
2023-03-02,120
2023-03-02,2109
2023-03-02,747
2023-03-02,1248
2023-03-03,540
2023-03-03,3657
2023-03-03,3000
2023-03-03,300
2023-03-03,1020
2023-03-03,675
2023-03-04,210
2023-03-04,75
2023-03-06,525
2023-03-06,1932
2023-03-06,900
2023-03-06,2628
2023-03-06,60
2023-03-06,3000
2023-03-06,3000
2023-03-07,3000
2023-03-07,2724
2023-03-07,1560
2023-03-07,990
2023-03-08,510
2023-03-08,150
2023-03-08,2073
2023-03-08,525
2023-03-08,1620
2023-03-09,150
2023-03-09,3000
2023-03-09,7716
2023-03-09,3000
2023-03-09,1101
2023-03-10,3957
2023-03-10,-3000
2023-03-10,600
2023-03-10,9000
2023-03-10,510
2023-03-10,1290
2023-03-10,747
2023-03-11,1080
2023-03-11,420
2023-03-13,10596
2023-03-13,3009
2023-03-13,6000
2023-03-13,681
2023-03-13,3000
2023-03-13,69
2023-03-13,1059
2023-03-14,798
2023-03-14,1500
2023-03-14,1590
2023-03-14,2193
2023-03-14,750
2023-03-14,1500
2023-03-14,8400
2023-03-15,9138
2023-03-15,3000
2023-03-15,2220
2023-03-15,1800
2023-03-15,600
2023-03-15,885
2023-03-16,333
2023-03-16,1020
2023-03-16,7050
2023-03-16,747
2023-03-16,3000
2023-03-17,90
2023-03-17,6000
2023-03-17,600
2023-03-17,4668
2023-03-17,390
2023-03-17,3000
2023-03-17,240
2023-03-18,900
2023-03-20,150
2023-03-20,66
2023-03-20,1035
2023-03-20,3363
2023-03-20,450
2023-03-20,3000
2023-03-20,1545
2023-03-21,750
2023-03-21,210
2023-03-21,159
2023-03-21,165
2023-03-21,2160
2023-03-22,750
2023-03-22,3000
2023-03-22,7245
2023-03-22,150
2023-03-22,1158
2023-03-23,1395
2023-03-23,3000
2023-03-23,747
2023-03-23,120
2023-03-23,3657
2023-03-23,3000
2023-03-23,1470
2023-03-24,60
2023-03-24,6000
2023-03-24,3
2023-03-24,591
2023-03-24,8055
2023-03-27,11400
2023-03-27,111
2023-03-27,9867
2023-03-27,504
2023-03-27,1350
2023-03-27,7050
2023-03-28,933
2023-03-28,1500
2023-03-28,270
2023-03-28,3000
2023-03-28,105
2023-03-28,600
2023-03-28,8121
2023-03-28,660
2023-03-29,5439
2023-03-29,1620
2023-03-29,420
2023-03-29,30
2023-03-29,1401
2023-03-29,3492
2023-03-29,360
2023-03-30,3000
2023-03-30,5025
2023-03-30,3000
2023-03-30,4920
2023-03-31,3000
2023-03-31,10494
2023-03-31,1596
2023-03-31,30
2023-03-31,1260
2023-03-31,561
2023-03-31,300
2023-03-31,150
2023-03-31,1728
2023-04-01,57
2023-04-01,60
2023-04-01,780
2023-04-01,600
2023-04-03,246
2023-04-03,2700
2023-04-03,2382
2023-04-03,3000
2023-04-03,690
2023-04-04,4635
2023-04-04,1890
2023-04-04,30
2023-04-04,60
2023-04-04,3000
2023-04-05,630
2023-04-05,1545
2023-04-05,450
2023-04-05,7608
2023-04-06,4956
2023-04-06,1050
2023-04-06,14400
2023-04-06,3540
2023-04-06,60
2023-04-06,15
2023-04-06,342
2023-04-08,1215
2023-04-10,1788
2023-04-10,150
2023-04-10,4050
2023-04-10,6000
2023-04-10,900
2023-04-10,2700
2023-04-11,3000
2023-04-11,4020
2023-04-11,60
2023-04-11,150
2023-04-12,17772
2023-04-12,900
2023-04-12,2532
2023-04-12,30
2023-04-12,1098
2023-04-13,825
2023-04-13,6000
2023-04-13,690
2023-04-13,4848
2023-04-13,510
2023-04-13,60
2023-04-14,90
2023-04-14,6000
2023-04-14,1800
2023-04-14,3120
2023-04-14,6000
2023-04-14,2400
2023-04-14,60
2023-04-14,10737
2023-04-15,546
2023-04-15,1980
2023-04-15,825
2023-04-17,36
2023-04-17,6261
2023-04-17,990
2023-04-17,30
2023-04-17,390
2023-04-18,90
2023-04-18,660
2023-04-18,60
2023-04-18,1080
2023-04-18,7980
2023-04-19,3000
2023-04-19,10221
2023-04-19,708
2023-04-19,180
2023-04-19,600
2023-04-20,7089
2023-04-20,633
2023-04-20,2400
2023-04-20,240
2023-04-20,660
2023-04-20,1122
2023-04-22,300
2023-04-24,966
2023-04-24,6000
2023-04-24,3000
2023-04-24,10212
2023-04-25,6609
2023-04-25,1650
2023-04-25,168
2023-04-25,3000
2023-04-25,900
2023-04-26,120
2023-04-26,1500
2023-04-26,480
2023-04-26,3600
2023-04-26,1500
2023-04-26,11817
2023-04-26,180
2023-04-26,210
2023-04-27,1560
2023-04-27,330
2023-04-27,300
2023-04-27,11400
2023-04-27,8958
2023-04-27,555
2023-04-27,1872
2023-04-28,1500
2023-04-28,3000
2023-04-28,3000
2023-04-28,300
2023-04-28,16260
2023-04-28,390
2023-04-28,3600
2023-04-28,264
2023-04-28,3000
2023-04-28,2802
2023-04-29,1500
2023-04-29,78
2023-05-02,450
2023-05-02,480
2023-05-02,1500
2023-05-02,600
2023-05-02,6534
2023-05-03,6000
2023-05-03,420
2023-05-03,1500
2023-05-03,3459
2023-05-03,6000
2023-05-03,60
2023-05-04,150
2023-05-04,150
2023-05-04,210
2023-05-04,5673
2023-05-04,735
2023-05-04,3000
2023-05-05,360
2023-05-05,21762
2023-05-05,2400
2023-05-05,60
2023-05-05,2802
2023-05-05,75
2023-05-06,810
2023-05-06,210
2023-05-06,828
2023-05-08,5802
2023-05-08,90
2023-05-08,-780
2023-05-08,300
2023-05-08,960
2023-05-09,570
2023-05-09,213
2023-05-09,2700
2023-05-09,6873
2023-05-09,3000
2023-05-09,279
2023-05-09,12
2023-05-09,150
2023-05-10,1308
2023-05-10,780
2023-05-10,756
2023-05-10,1350
2023-05-10,540
2023-05-10,4275
2023-05-10,3000
2023-05-10,3000
2023-05-10,324
2023-05-11,2802
2023-05-11,726
2023-05-11,3000
2023-05-11,8148
2023-05-12,300
2023-05-12,5400
2023-05-12,540
2023-05-12,2460
2023-05-12,2904
2023-05-12,1830
2023-05-12,297
2023-05-13,480
2023-05-15,45
2023-05-15,15
2023-05-15,1605
2023-05-15,9000
2023-05-15,540
2023-05-15,4398
2023-05-15,390
2023-05-16,1419
2023-05-16,750
2023-05-16,3000
2023-05-16,8883
2023-05-17,7764
2023-05-17,1239
2023-05-17,708
2023-05-17,300
2023-05-17,780
2023-05-18,9264
2023-05-18,450
2023-05-18,6000
2023-05-18,1788
2023-05-19,7200
2023-05-19,909
2023-05-19,8319
2023-05-22,3000
2023-05-22,5679
2023-05-22,600
2023-05-22,756
2023-05-22,975
2023-05-22,150
2023-05-23,2385
2023-05-23,7188
2023-05-23,240
2023-05-23,6000
2023-05-23,975
2023-05-23,2400
2023-05-24,1515
2023-05-24,900
2023-05-24,4560
2023-05-24,6000
2023-05-25,900
2023-05-25,2190
2023-05-25,9168
2023-05-25,630
2023-05-25,180
2023-05-26,1200
2023-05-26,2961
2023-05-26,180
2023-05-26,300
2023-05-26,141
2023-05-26,90
2023-05-27,6
2023-05-27,1800
2023-05-29,7050
2023-05-29,60
2023-05-29,2130
2023-05-29,150
2023-05-29,60
2023-05-29,3000
2023-05-30,1200
2023-05-30,630
2023-05-30,3687
2023-05-31,1050
2023-05-31,4500
2023-05-31,5064
2023-05-31,45
2023-05-31,354
2023-06-01,5619
2023-06-01,60
2023-06-02,6000
2023-06-02,345
2023-06-02,5877
2023-06-02,-177
2023-06-02,72
2023-06-03,1350
2023-06-03,60
2023-06-05,9288
2023-06-05,3300
2023-06-05,285
2023-06-05,1500
2023-06-05,180
2023-06-06,2700
2023-06-06,2400
2023-06-06,690
2023-06-06,7887
2023-06-07,3000
2023-06-07,582
2023-06-07,10824
2023-06-07,633
2023-06-07,360
2023-06-07,3000
2023-06-07,900
2023-06-08,450
2023-06-08,999
2023-06-09,90
2023-06-09,2979
2023-06-09,1950
2023-06-09,7935
2023-06-09,-180
2023-06-10,150
2023-06-10,5382
2023-06-10,150
2023-06-10,660
2023-06-12,12375
2023-06-12,1170
2023-06-13,11112
2023-06-13,720
2023-06-13,720
2023-06-13,30
2023-06-13,165
2023-06-14,912
2023-06-14,1515
2023-06-14,10680
2023-06-15,1050
2023-06-15,510
2023-06-15,3294
2023-06-16,582
2023-06-16,768
2023-06-16,6063
2023-06-16,360
2023-06-16,360
2023-06-17,225
2023-06-17,1050
2023-06-19,4590
2023-06-19,840
2023-06-19,918
2023-06-20,8508
2023-06-20,300
2023-06-20,978
2023-06-20,750
2023-06-20,210
2023-06-21,1170
2023-06-21,1200
2023-06-21,300
2023-06-21,4011
2023-06-21,3783
2023-06-22,90
2023-06-22,963
2023-06-22,630
2023-06-22,3420
2023-06-23,9441
2023-06-23,711
2023-06-23,1575
2023-06-23,360
2023-06-23,300
2023-06-26,1401
2023-06-26,1200
2023-06-26,2088
2023-06-26,15519
2023-06-27,120
2023-06-27,315
2023-06-27,4455
2023-06-27,1050
2023-06-28,750
2023-06-28,861
2023-06-28,450
2023-06-28,1050
2023-06-28,3072
2023-06-29,2085
2023-06-29,450
2023-06-29,4902
2023-06-29,738
2023-06-29,1080
2023-06-30,2010
2023-06-30,2400
2023-06-30,1095
2023-06-30,120
2023-06-30,2400
2023-07-01,300
2023-07-01,150
2023-07-01,300
2023-07-03,15
2023-07-03,780
2023-07-03,5310
2023-07-03,2655
2023-07-04,828
2023-07-04,579
2023-07-04,4659
2023-07-05,270
2023-07-05,1401
2023-07-05,450
2023-07-05,645
2023-07-05,5442
2023-07-06,30
2023-07-06,1893
2023-07-06,3294
2023-07-06,1500
2023-07-06,1200
2023-07-07,855
2023-07-07,5988
2023-07-07,138
2023-07-07,360
2023-07-07,1386
2023-07-08,600
2023-07-08,939
2023-07-08,750
2023-07-10,1770
2023-07-10,180
2023-07-10,600
2023-07-11,1815
2023-07-11,321
2023-07-11,393
2023-07-11,7218
2023-07-12,3624
2023-07-12,1116
2023-07-12,3585
2023-07-12,66
2023-07-12,450
2023-07-13,360
2023-07-13,1500
2023-07-13,5535
2023-07-14,6960
2023-07-14,51
2023-07-15,405
2023-07-17,720
2023-07-17,3600
2023-07-17,7575
2023-07-17,510
2023-07-17,1629
2023-07-17,1200
2023-07-18,420
2023-07-18,570
2023-07-18,12825
2023-07-18,4248
2023-07-19,7827
2023-07-19,240
2023-07-19,159
2023-07-20,900
2023-07-20,2136
2023-07-20,540
2023-07-20,4260
2023-07-21,270
2023-07-21,2004
2023-07-21,372
2023-07-21,3240
2023-07-24,420
2023-07-24,210
2023-07-24,180
2023-07-24,2802
2023-07-24,3117
2023-07-25,11667
2023-07-25,1476
2023-07-25,4293
2023-07-26,5100
2023-07-26,3030
2023-07-26,576
2023-07-26,1737
2023-07-27,300
2023-07-27,5907
2023-07-27,216
2023-07-27,303
2023-07-27,1305
2023-07-28,6210
2023-07-28,1560
2023-07-28,1386
2023-07-29,150
2023-07-29,3258
2023-07-31,3420
2023-07-31,3423
2023-07-31,420
2023-08-01,225
2023-08-01,171
2023-08-01,9600
2023-08-01,3000
2023-08-01,1560
2023-08-02,1401
2023-08-02,3453
2023-08-02,9333
2023-08-02,1575
2023-08-02,2415
2023-08-02,6
2023-08-03,3132
2023-08-03,1059
2023-08-03,1050
2023-08-03,7971
2023-08-04,300
2023-08-04,6423
2023-08-04,1020
2023-08-04,777
2023-08-05,900
2023-08-05,300
2023-08-05,21
2023-08-07,90
2023-08-07,1890
2023-08-07,2802
2023-08-07,3123
2023-08-07,3405
2023-08-08,14250
2023-08-08,2553
2023-08-08,693
2023-08-09,90
2023-08-09,450
2023-08-09,450
2023-08-09,4365
2023-08-10,4569
2023-08-10,360
2023-08-10,13023
2023-08-11,726
2023-08-11,900
2023-08-11,2199
2023-08-11,1353
2023-08-12,120
2023-08-12,45
2023-08-12,1740
2023-08-14,252
2023-08-14,2490
2023-08-14,6216
2023-08-15,705
2023-08-15,8910
2023-08-15,360
2023-08-15,45
2023-08-16,1350
2023-08-16,1338
2023-08-16,828
2023-08-16,45
2023-08-16,840
2023-08-17,2430
2023-08-17,210
2023-08-17,1815
2023-08-18,6093
2023-08-18,1650
2023-08-18,300
2023-08-18,1320
2023-08-18,1500
2023-08-18,573
2023-08-19,1080
2023-08-19,2520
2023-08-19,2100
2023-08-19,720
2023-08-19,2229
2023-08-21,3915
2023-08-21,2592
2023-08-21,300
2023-08-22,2370
2023-08-22,180
2023-08-22,432
2023-08-23,1182
2023-08-23,7353
2023-08-23,3300
2023-08-23,1002
2023-08-24,195
2023-08-24,2250
2023-08-24,312
2023-08-25,1380
2023-08-25,5490
2023-08-25,1680
2023-08-26,564
2023-08-26,240
2023-08-26,123
2023-08-26,210
2023-08-26,450
2023-08-28,105
2023-08-28,13788
2023-08-28,750
2023-08-28,651
2023-08-28,150
2023-08-29,1290
2023-08-29,300
2023-08-29,390
2023-08-29,72
2023-08-29,3000
2023-08-30,3000
2023-08-30,450
2023-08-30,1983
2023-08-30,3645
2023-08-30,150
2023-08-30,729
2023-08-31,1080
2023-08-31,8745
2023-08-31,4530
2023-08-31,1500
2023-09-01,2937
2023-09-01,231
2023-09-01,150
2023-09-01,11790
2023-09-02,1800
2023-09-04,4089
2023-09-04,96
2023-09-04,861
2023-09-04,321
2023-09-05,7827
2023-09-05,1140
2023-09-05,540
2023-09-05,60
2023-09-05,582
2023-09-06,3108
2023-09-06,1335
2023-09-06,435
2023-09-06,1170
2023-09-08,2544
2023-09-08,9753
2023-09-08,960
2023-09-08,477
2023-09-09,180
2023-09-09,30
2023-09-09,450
2023-09-09,9
2023-09-11,2373
2023-09-11,20238
2023-09-11,141
2023-09-11,600
2023-09-12,6546
2023-09-12,1020
2023-09-12,480
2023-09-13,60
2023-09-13,1248
2023-09-13,375
2023-09-13,450
2023-09-13,150
2023-09-13,8487
2023-09-14,825
2023-09-14,1260
2023-09-14,450
2023-09-14,135
2023-09-15,330
2023-09-15,1302
2023-09-15,2568
2023-09-16,165
2023-09-16,870
2023-09-16,90
2023-09-16,15
2023-09-16,2466
2023-09-18,333
2023-09-18,660
2023-09-18,1200
2023-09-18,150
2023-09-18,2550
2023-09-19,5157
2023-09-19,240
2023-09-19,870
2023-09-20,4626
2023-09-20,516
2023-09-20,1845
2023-09-21,1374
2023-09-21,6369
2023-09-21,150
2023-09-21,6282
2023-09-22,150
2023-09-22,3069
2023-09-22,6000
2023-09-22,591
2023-09-23,66
2023-09-25,4074
2023-09-25,240
2023-09-26,4485
2023-09-26,75
2023-09-26,900
2023-09-27,2136
2023-09-27,6030
2023-09-27,3330
2023-09-27,210
2023-09-28,216
2023-09-28,879
2023-09-28,420
2023-09-29,180
2023-09-29,891
2023-09-29,1506
2023-09-29,1500
2023-09-29,10491
2023-09-29,150
2023-09-30,600
2023-09-30,15
2023-09-30,1401
2023-10-02,1500
2023-10-02,150
2023-10-02,4917
2023-10-03,2382
2023-10-03,1590
2023-10-03,1380
2023-10-04,1797
2023-10-04,1365
2023-10-04,600
2023-10-05,180
2023-10-05,960
2023-10-05,9
2023-10-05,1215
2023-10-05,45
2023-10-06,633
2023-10-06,3489
2023-10-06,6000
2023-10-06,2466
2023-10-06,411
2023-10-09,3000
2023-10-09,3000
2023-10-09,1215
2023-10-09,915
2023-10-09,3600
2023-10-10,2073
2023-10-10,45
2023-10-11,7365
2023-10-11,7701
2023-10-11,480
2023-10-11,906
2023-10-13,60
2023-10-13,3387
2023-10-13,1065
2023-10-13,51
2023-10-14,6
2023-10-16,630
2023-10-16,9597
2023-10-16,12
2023-10-16,990
2023-10-17,19155
2023-10-17,183
2023-10-18,1155
2023-10-18,6618
2023-10-18,285
2023-10-18,300
2023-10-18,2133
2023-10-19,1110
2023-10-19,1200
2023-10-19,7089
2023-10-20,45
2023-10-20,270
2023-10-20,3300
2023-10-20,927
2023-10-20,363
2023-10-21,30
2023-10-21,618
2023-10-23,1269
2023-10-23,2040
2023-10-23,3510
2023-10-24,855
2023-10-24,3669
2023-10-24,6591
2023-10-24,3567
2023-10-24,90
2023-10-25,0
2023-10-25,60
2023-10-25,9765
2023-10-25,630
2023-10-25,30
2023-10-26,297
2023-10-26,210
2023-10-26,2820
2023-10-26,9930
2023-10-26,750
2023-10-26,330
2023-10-27,150
2023-10-27,120
2023-10-27,7122
2023-10-27,450
2023-10-30,900
2023-10-30,183
2023-10-30,858
2023-10-30,12498
2023-10-30,1710
2023-10-31,420
2023-10-31,1602
2023-10-31,1650
2023-10-31,555
2023-10-31,14616
2023-10-31,1500
2023-11-01,570
2023-11-01,4875
2023-11-01,240
2023-11-03,3303
2023-11-03,2787
2023-11-03,3240
2023-11-06,1095
2023-11-06,2376
2023-11-06,3495
2023-11-06,3600
2023-11-06,3600
2023-11-07,90
2023-11-07,60
2023-11-07,480
2023-11-07,30
2023-11-07,9195
2023-11-08,7620
2023-11-08,90
2023-11-08,1410
2023-11-09,384
2023-11-09,90
2023-11-09,600
2023-11-09,7284
2023-11-09,9027
2023-11-10,2205
2023-11-10,1500
2023-11-10,30
2023-11-10,489
2023-11-10,240
2023-11-10,2169
2023-11-10,1416
2023-11-11,90
2023-11-13,8361
2023-11-13,1275
2023-11-13,360
2023-11-13,600
2023-11-13,1500
2023-11-13,1233
2023-11-14,1356
2023-11-14,180
2023-11-14,1323
2023-11-14,480
2023-11-14,3939
2023-11-14,138
2023-11-16,513
2023-11-16,7401
2023-11-16,486
2023-11-16,-30
2023-11-17,7428
2023-11-17,15
2023-11-17,9669
2023-11-17,1152
2023-11-18,2082
2023-11-20,645
2023-11-20,150
2023-11-20,1410
2023-11-20,600
2023-11-21,45
2023-11-21,7599
2023-11-21,738
2023-11-21,1806
2023-11-21,84
2023-11-22,1716
2023-11-22,120
2023-11-22,5202
2023-11-22,450
2023-11-22,876
2023-11-23,300
2023-11-23,810
2023-11-23,2802
2023-11-23,7677
2023-11-23,3000
2023-11-23,1761
2023-11-23,150
2023-11-24,84
2023-11-24,909
2023-11-24,600
2023-11-24,315
2023-11-24,1800
2023-11-24,3441
2023-11-24,450
2023-11-25,30
2023-11-25,1008
2023-11-27,90
2023-11-27,8700
2023-11-27,660
2023-11-27,495
2023-11-27,1905
2023-11-28,30
2023-11-28,390
2023-11-28,7839
2023-11-28,1650
2023-11-29,6651
2023-11-29,1302
2023-11-29,750
2023-11-29,885
2023-11-29,36
2023-11-30,168
2023-11-30,210
2023-11-30,810
2023-11-30,10728
2023-11-30,16155
2023-11-30,1080
2023-12-01,7452
2023-12-01,300
2023-12-01,243
2023-12-01,150
2023-12-02,1500
2023-12-04,960
2023-12-04,2715
2023-12-04,8850
2023-12-04,300
2023-12-04,1830
2023-12-05,381
2023-12-05,1608
2023-12-05,5841
2023-12-05,435
2023-12-05,540
2023-12-06,690
2023-12-06,285
2023-12-06,3102
2023-12-06,1710
2023-12-06,195
2023-12-06,450
2023-12-07,690
2023-12-07,6396
2023-12-07,129
2023-12-07,870
2023-12-08,660
2023-12-08,8829
2023-12-08,375
2023-12-08,30
2023-12-09,1401
2023-12-09,450
2023-12-09,291
2023-12-09,450
2023-12-09,2580
2023-12-09,3000
2023-12-09,1050
2023-12-11,2691
2023-12-11,192
2023-12-11,150
2023-12-11,939
2023-12-11,9105
2023-12-12,1470
2023-12-12,570
2023-12-12,-66
2023-12-12,12
2023-12-12,843
2023-12-13,939
2023-12-13,18
2023-12-13,450
2023-12-13,3750
2023-12-14,5556
2023-12-14,1356
2023-12-14,3516
2023-12-14,570
2023-12-15,9
2023-12-15,10791
2023-12-15,2196
2023-12-15,645
2023-12-16,330
2023-12-16,120
2023-12-18,2292
2023-12-18,300
2023-12-18,1551
2023-12-18,3090
2023-12-18,600
2023-12-19,5712
2023-12-19,2100
2023-12-19,1272
2023-12-20,10677
2023-12-20,180
2023-12-20,60
2023-12-20,60
2023-12-20,15
2023-12-21,1500
2023-12-21,405
2023-12-21,258
2023-12-21,138
2023-12-21,138
2023-12-21,3030
2023-12-21,7614
2023-12-26,18
2023-12-29,30
2024-01-03,3783
2024-01-03,6000
2024-01-03,3000
2024-01-04,4380
2024-01-04,240
2024-01-05,105
2024-01-05,2943
2024-01-05,-3000
2024-01-06,60
2024-01-06,6
2024-01-08,5610
2024-01-08,1500
2024-01-08,3120
2024-01-08,60
2024-01-08,150
2024-01-08,2094
2024-01-08,1500
2024-01-09,975
2024-01-09,1500
2024-01-09,1401
2024-01-09,12855
2024-01-09,3015
2024-01-10,300
2024-01-10,1500
2024-01-10,810
2024-01-10,1239
2024-01-10,2466
2024-01-10,7389
2024-01-11,2064
2024-01-11,12609
2024-01-11,270
2024-01-12,14037
2024-01-12,11322
2024-01-12,300
2024-01-12,300
2024-01-12,120
2024-01-13,1530
2024-01-15,450
2024-01-15,7638
2024-01-15,2550
2024-01-15,3570
2024-01-15,150
2024-01-15,855
2024-01-15,930
2024-01-16,3435
2024-01-16,1800
2024-01-16,1029
2024-01-16,330
2024-01-17,630
2024-01-17,-27
2024-01-17,3225
2024-01-17,1050
2024-01-17,225
2024-01-18,3600
2024-01-18,720
2024-01-18,4506
2024-01-18,3945
2024-01-18,1500
2024-01-19,900
2024-01-19,1596
2024-01-19,1335
2024-01-19,114
2024-01-19,9765
2024-01-19,390
2024-01-20,90
2024-01-20,3000
2024-01-22,1401
2024-01-22,3060
2024-01-22,180
2024-01-22,810
2024-01-22,1500
2024-01-22,1971
2024-01-23,870
2024-01-23,453
2024-01-23,1320
2024-01-24,3735
2024-01-24,4296
2024-01-24,1530
2024-01-25,90
2024-01-25,540
2024-01-25,4200
2024-01-25,2010
2024-01-25,16158
2024-01-25,4926
2024-01-26,2220
2024-01-26,5565
2024-01-26,4857
2024-01-26,411
2024-01-26,1401
2024-01-26,300
2024-01-26,210
2024-01-27,4320
2024-01-29,2325
2024-01-29,1365
2024-01-29,5415
2024-01-29,900
2024-01-30,3000
2024-01-30,4566
2024-01-30,465
2024-01-30,180
2024-01-30,1764
2024-01-31,540
2024-01-31,450
2024-01-31,180
2024-01-31,7380
2024-01-31,1320
2024-02-01,180
2024-02-01,3114
2024-02-01,2151
2024-02-01,330
2024-02-01,1575
2024-02-02,90
2024-02-02,3165
2024-02-02,690
2024-02-02,450
2024-02-02,3015
2024-02-03,9996
2024-02-05,510
2024-02-05,1650
2024-02-05,60
2024-02-05,6432
2024-02-06,2565
2024-02-06,315
2024-02-06,90
2024-02-07,90
2024-02-07,3621
2024-02-07,150
2024-02-07,1440
2024-02-08,3180
2024-02-08,6846
2024-02-08,1500
2024-02-08,870
2024-02-09,180
2024-02-09,8475
2024-02-09,645
2024-02-09,2886
2024-02-12,2463
2024-02-12,3621
2024-02-12,996
2024-02-12,510
2024-02-12,2130
2024-02-12,210
2024-02-13,105
2024-02-13,4203
2024-02-13,348
2024-02-14,300
2024-02-14,4713
2024-02-14,318
2024-02-14,4650
2024-02-14,450
2024-02-15,1500
2024-02-15,2400
2024-02-15,1650
2024-02-15,9531
2024-02-16,45
2024-02-16,2703
2024-02-16,126
2024-02-17,120
2024-02-19,7419
2024-02-19,690
2024-02-19,1500
2024-02-19,1080
2024-02-20,11037
2024-02-20,1590
2024-02-20,1500
2024-02-21,1980
2024-02-21,3183
2024-02-21,3366
2024-02-22,903
2024-02-22,750
2024-02-22,30
2024-02-22,120
2024-02-22,1401
2024-02-22,9522
2024-02-22,4683
2024-02-23,600
2024-02-23,4050
2024-02-23,1350
2024-02-23,2700
2024-02-24,3306
2024-02-26,1683
2024-02-26,360
2024-02-26,1401
2024-02-26,3792
2024-02-26,2205
2024-02-27,90
2024-02-27,1500
2024-02-27,765
2024-02-27,240
2024-02-27,1500
2024-02-27,8055
2024-02-28,165
2024-02-28,3600
2024-02-28,1854
2024-02-29,2901
2024-02-29,330
2024-02-29,1785
2024-02-29,810
2024-02-29,1500
2024-02-29,1515
2024-02-29,180
2024-03-01,750
2024-03-01,1866
2024-03-01,900
2024-03-01,7029
2024-03-01,3000
2024-03-01,30
2024-03-02,600
2024-03-02,300
2024-03-04,360
2024-03-04,2226
2024-03-04,9273
2024-03-04,3060
2024-03-04,75
2024-03-04,1401
2024-03-04,180
2024-03-05,1425
2024-03-05,2022
2024-03-05,5643
2024-03-06,120
2024-03-06,300
2024-03-06,12753
2024-03-06,1500
2024-03-06,255
2024-03-07,-7431
2024-03-07,1440
2024-03-07,600
2024-03-08,2184
2024-03-08,1980
2024-03-08,1500
2024-03-08,3162
2024-03-11,1413
2024-03-11,7935
2024-03-11,1401
2024-03-11,1941
2024-03-12,2460
2024-03-12,6900
2024-03-12,1500
2024-03-12,3330
2024-03-13,558
2024-03-13,5442
2024-03-13,72
2024-03-13,3045
2024-03-14,2901
2024-03-14,1095
2024-03-14,2931
2024-03-14,468
2024-03-14,210
2024-03-14,1311
2024-03-14,30
2024-03-15,12651
2024-03-15,93
2024-03-15,480
2024-03-15,9
2024-03-16,1710
2024-03-18,996
2024-03-18,834
2024-03-18,5043
2024-03-18,2685
2024-03-18,1401
2024-03-19,765
2024-03-19,3975
2024-03-19,750
2024-03-19,60
2024-03-20,1521
2024-03-20,210
2024-03-21,333
2024-03-21,510
2024-03-21,9369
2024-03-21,600
2024-03-22,60
2024-03-22,840
2024-03-22,10428
2024-03-22,15
2024-03-23,324
2024-03-25,1800
2024-03-25,1401
2024-03-25,450
2024-03-25,420
2024-03-25,3540
2024-03-26,486
2024-03-26,5943
2024-03-26,1500
2024-03-26,1500
2024-03-26,720
2024-03-27,1599
2024-03-27,-39
2024-03-27,360
2024-03-27,3645
2024-03-27,960
2024-03-28,900
2024-03-28,7056
2024-03-28,1401
2024-03-28,270
2024-03-28,594
2024-03-28,870
2024-03-28,780
